{
  "type": "compactcrafting:miniaturization",
  "recipeSize": 3,
  "layers": [
    {
      "type": "compactcrafting:filled",
      "component": "W"
    },
    {
      "type": "compactcrafting:hollow",
      "wall": "W"
    },
    {
      "type": "compactcrafting:filled",
      "component": "W"
    }
  ],

  "catalyst": {
    "id": "minecraft:ender_pearl",
    "Count": 1
  },

  "components": {
    "W": {
      "type": "compactcrafting:block",
      "block": "compactmachines:wall"
    }
  },

  "outputs": [
    {
      "id": "compactmachines:machine_tiny",
      "Count": 1
    }
  ]
}